<?xml version="1.0" encoding="UTF-8"?>
<root>
  <item name="com.facebook.common.references.CloseableReference sBitmapCloseableRefType">
    <annotation name="androidx.annotation.IntDef">
      <val name="value" val="{com.facebook.common.references.CloseableReference.REF_TYPE_DEFAULT, com.facebook.common.references.CloseableReference.REF_TYPE_FINALIZER, com.facebook.common.references.CloseableReference.REF_TYPE_REF_COUNT, com.facebook.common.references.CloseableReference.REF_TYPE_NOOP}" />
    </annotation>
  </item>
  <item name="com.facebook.common.references.CloseableReference void setDisableCloseableReferencesForBitmaps(int) 0">
    <annotation name="androidx.annotation.IntDef">
      <val name="value" val="{com.facebook.common.references.CloseableReference.REF_TYPE_DEFAULT, com.facebook.common.references.CloseableReference.REF_TYPE_FINALIZER, com.facebook.common.references.CloseableReference.REF_TYPE_REF_COUNT, com.facebook.common.references.CloseableReference.REF_TYPE_NOOP}" />
    </annotation>
  </item>
  <item name="com.facebook.common.references.CloseableReference.CloseableRefType">
    <annotation name="androidx.annotation.IntDef">
      <val name="value" val="{com.facebook.common.references.CloseableReference.REF_TYPE_DEFAULT, com.facebook.common.references.CloseableReference.REF_TYPE_FINALIZER, com.facebook.common.references.CloseableReference.REF_TYPE_REF_COUNT, com.facebook.common.references.CloseableReference.REF_TYPE_NOOP}" />
    </annotation>
  </item>
</root>

