<?xml version="1.0" encoding="UTF-8"?>
<root>
  <item name="com.facebook.imagepipeline.producers.AddImageTransformMetaDataProducer.AddImageTransformMetaDataConsumer void onNewResultImpl(com.facebook.imagepipeline.image.EncodedImage, int) 1">
    <annotation name="androidx.annotation.IntDef">
      <val name="flag" val="true" />
      <val name="value" val="{com.facebook.imagepipeline.producers.Consumer.IS_LAST, com.facebook.imagepipeline.producers.Consumer.DO_NOT_CACHE_ENCODED, com.facebook.imagepipeline.producers.Consumer.IS_PLACEHOLDER, com.facebook.imagepipeline.producers.Consumer.IS_PARTIAL_RESULT, com.facebook.imagepipeline.producers.Consumer.IS_RESIZING_DONE}" />
    </annotation>
  </item>
  <item name="com.facebook.imagepipeline.producers.BaseConsumer boolean isLast(int) 0">
    <annotation name="androidx.annotation.IntDef">
      <val name="flag" val="true" />
      <val name="value" val="{com.facebook.imagepipeline.producers.Consumer.IS_LAST, com.facebook.imagepipeline.producers.Consumer.DO_NOT_CACHE_ENCODED, com.facebook.imagepipeline.producers.Consumer.IS_PLACEHOLDER, com.facebook.imagepipeline.producers.Consumer.IS_PARTIAL_RESULT, com.facebook.imagepipeline.producers.Consumer.IS_RESIZING_DONE}" />
    </annotation>
  </item>
  <item name="com.facebook.imagepipeline.producers.BaseConsumer boolean isNotLast(int) 0">
    <annotation name="androidx.annotation.IntDef">
      <val name="flag" val="true" />
      <val name="value" val="{com.facebook.imagepipeline.producers.Consumer.IS_LAST, com.facebook.imagepipeline.producers.Consumer.DO_NOT_CACHE_ENCODED, com.facebook.imagepipeline.producers.Consumer.IS_PLACEHOLDER, com.facebook.imagepipeline.producers.Consumer.IS_PARTIAL_RESULT, com.facebook.imagepipeline.producers.Consumer.IS_RESIZING_DONE}" />
    </annotation>
  </item>
  <item name="com.facebook.imagepipeline.producers.BaseConsumer boolean statusHasAnyFlag(int, int) 0">
    <annotation name="androidx.annotation.IntDef">
      <val name="flag" val="true" />
      <val name="value" val="{com.facebook.imagepipeline.producers.Consumer.IS_LAST, com.facebook.imagepipeline.producers.Consumer.DO_NOT_CACHE_ENCODED, com.facebook.imagepipeline.producers.Consumer.IS_PLACEHOLDER, com.facebook.imagepipeline.producers.Consumer.IS_PARTIAL_RESULT, com.facebook.imagepipeline.producers.Consumer.IS_RESIZING_DONE}" />
    </annotation>
  </item>
  <item name="com.facebook.imagepipeline.producers.BaseConsumer boolean statusHasAnyFlag(int, int) 1">
    <annotation name="androidx.annotation.IntDef">
      <val name="flag" val="true" />
      <val name="value" val="{com.facebook.imagepipeline.producers.Consumer.IS_LAST, com.facebook.imagepipeline.producers.Consumer.DO_NOT_CACHE_ENCODED, com.facebook.imagepipeline.producers.Consumer.IS_PLACEHOLDER, com.facebook.imagepipeline.producers.Consumer.IS_PARTIAL_RESULT, com.facebook.imagepipeline.producers.Consumer.IS_RESIZING_DONE}" />
    </annotation>
  </item>
  <item name="com.facebook.imagepipeline.producers.BaseConsumer boolean statusHasFlag(int, int) 0">
    <annotation name="androidx.annotation.IntDef">
      <val name="flag" val="true" />
      <val name="value" val="{com.facebook.imagepipeline.producers.Consumer.IS_LAST, com.facebook.imagepipeline.producers.Consumer.DO_NOT_CACHE_ENCODED, com.facebook.imagepipeline.producers.Consumer.IS_PLACEHOLDER, com.facebook.imagepipeline.producers.Consumer.IS_PARTIAL_RESULT, com.facebook.imagepipeline.producers.Consumer.IS_RESIZING_DONE}" />
    </annotation>
  </item>
  <item name="com.facebook.imagepipeline.producers.BaseConsumer boolean statusHasFlag(int, int) 1">
    <annotation name="androidx.annotation.IntDef">
      <val name="flag" val="true" />
      <val name="value" val="{com.facebook.imagepipeline.producers.Consumer.IS_LAST, com.facebook.imagepipeline.producers.Consumer.DO_NOT_CACHE_ENCODED, com.facebook.imagepipeline.producers.Consumer.IS_PLACEHOLDER, com.facebook.imagepipeline.producers.Consumer.IS_PARTIAL_RESULT, com.facebook.imagepipeline.producers.Consumer.IS_RESIZING_DONE}" />
    </annotation>
  </item>
  <item name="com.facebook.imagepipeline.producers.BaseConsumer int simpleStatusForIsLast(boolean)">
    <annotation name="androidx.annotation.IntDef">
      <val name="flag" val="true" />
      <val name="value" val="{com.facebook.imagepipeline.producers.Consumer.IS_LAST, com.facebook.imagepipeline.producers.Consumer.DO_NOT_CACHE_ENCODED, com.facebook.imagepipeline.producers.Consumer.IS_PLACEHOLDER, com.facebook.imagepipeline.producers.Consumer.IS_PARTIAL_RESULT, com.facebook.imagepipeline.producers.Consumer.IS_RESIZING_DONE}" />
    </annotation>
  </item>
  <item name="com.facebook.imagepipeline.producers.BaseConsumer int turnOffStatusFlag(int, int)">
    <annotation name="androidx.annotation.IntDef">
      <val name="flag" val="true" />
      <val name="value" val="{com.facebook.imagepipeline.producers.Consumer.IS_LAST, com.facebook.imagepipeline.producers.Consumer.DO_NOT_CACHE_ENCODED, com.facebook.imagepipeline.producers.Consumer.IS_PLACEHOLDER, com.facebook.imagepipeline.producers.Consumer.IS_PARTIAL_RESULT, com.facebook.imagepipeline.producers.Consumer.IS_RESIZING_DONE}" />
    </annotation>
  </item>
  <item name="com.facebook.imagepipeline.producers.BaseConsumer int turnOffStatusFlag(int, int) 0">
    <annotation name="androidx.annotation.IntDef">
      <val name="flag" val="true" />
      <val name="value" val="{com.facebook.imagepipeline.producers.Consumer.IS_LAST, com.facebook.imagepipeline.producers.Consumer.DO_NOT_CACHE_ENCODED, com.facebook.imagepipeline.producers.Consumer.IS_PLACEHOLDER, com.facebook.imagepipeline.producers.Consumer.IS_PARTIAL_RESULT, com.facebook.imagepipeline.producers.Consumer.IS_RESIZING_DONE}" />
    </annotation>
  </item>
  <item name="com.facebook.imagepipeline.producers.BaseConsumer int turnOffStatusFlag(int, int) 1">
    <annotation name="androidx.annotation.IntDef">
      <val name="flag" val="true" />
      <val name="value" val="{com.facebook.imagepipeline.producers.Consumer.IS_LAST, com.facebook.imagepipeline.producers.Consumer.DO_NOT_CACHE_ENCODED, com.facebook.imagepipeline.producers.Consumer.IS_PLACEHOLDER, com.facebook.imagepipeline.producers.Consumer.IS_PARTIAL_RESULT, com.facebook.imagepipeline.producers.Consumer.IS_RESIZING_DONE}" />
    </annotation>
  </item>
  <item name="com.facebook.imagepipeline.producers.BaseConsumer int turnOnStatusFlag(int, int)">
    <annotation name="androidx.annotation.IntDef">
      <val name="flag" val="true" />
      <val name="value" val="{com.facebook.imagepipeline.producers.Consumer.IS_LAST, com.facebook.imagepipeline.producers.Consumer.DO_NOT_CACHE_ENCODED, com.facebook.imagepipeline.producers.Consumer.IS_PLACEHOLDER, com.facebook.imagepipeline.producers.Consumer.IS_PARTIAL_RESULT, com.facebook.imagepipeline.producers.Consumer.IS_RESIZING_DONE}" />
    </annotation>
  </item>
  <item name="com.facebook.imagepipeline.producers.BaseConsumer int turnOnStatusFlag(int, int) 0">
    <annotation name="androidx.annotation.IntDef">
      <val name="flag" val="true" />
      <val name="value" val="{com.facebook.imagepipeline.producers.Consumer.IS_LAST, com.facebook.imagepipeline.producers.Consumer.DO_NOT_CACHE_ENCODED, com.facebook.imagepipeline.producers.Consumer.IS_PLACEHOLDER, com.facebook.imagepipeline.producers.Consumer.IS_PARTIAL_RESULT, com.facebook.imagepipeline.producers.Consumer.IS_RESIZING_DONE}" />
    </annotation>
  </item>
  <item name="com.facebook.imagepipeline.producers.BaseConsumer int turnOnStatusFlag(int, int) 1">
    <annotation name="androidx.annotation.IntDef">
      <val name="flag" val="true" />
      <val name="value" val="{com.facebook.imagepipeline.producers.Consumer.IS_LAST, com.facebook.imagepipeline.producers.Consumer.DO_NOT_CACHE_ENCODED, com.facebook.imagepipeline.producers.Consumer.IS_PLACEHOLDER, com.facebook.imagepipeline.producers.Consumer.IS_PARTIAL_RESULT, com.facebook.imagepipeline.producers.Consumer.IS_RESIZING_DONE}" />
    </annotation>
  </item>
  <item name="com.facebook.imagepipeline.producers.BaseConsumer void onNewResult(T, int) 1">
    <annotation name="androidx.annotation.IntDef">
      <val name="flag" val="true" />
      <val name="value" val="{com.facebook.imagepipeline.producers.Consumer.IS_LAST, com.facebook.imagepipeline.producers.Consumer.DO_NOT_CACHE_ENCODED, com.facebook.imagepipeline.producers.Consumer.IS_PLACEHOLDER, com.facebook.imagepipeline.producers.Consumer.IS_PARTIAL_RESULT, com.facebook.imagepipeline.producers.Consumer.IS_RESIZING_DONE}" />
    </annotation>
  </item>
  <item name="com.facebook.imagepipeline.producers.BaseConsumer void onNewResultImpl(T, int) 1">
    <annotation name="androidx.annotation.IntDef">
      <val name="flag" val="true" />
      <val name="value" val="{com.facebook.imagepipeline.producers.Consumer.IS_LAST, com.facebook.imagepipeline.producers.Consumer.DO_NOT_CACHE_ENCODED, com.facebook.imagepipeline.producers.Consumer.IS_PLACEHOLDER, com.facebook.imagepipeline.producers.Consumer.IS_PARTIAL_RESULT, com.facebook.imagepipeline.producers.Consumer.IS_RESIZING_DONE}" />
    </annotation>
  </item>
  <item name="com.facebook.imagepipeline.producers.BitmapPrepareProducer.BitmapPrepareConsumer void onNewResultImpl(com.facebook.common.references.CloseableReference&lt;com.facebook.imagepipeline.image.CloseableImage&gt;, int) 1">
    <annotation name="androidx.annotation.IntDef">
      <val name="flag" val="true" />
      <val name="value" val="{com.facebook.imagepipeline.producers.Consumer.IS_LAST, com.facebook.imagepipeline.producers.Consumer.DO_NOT_CACHE_ENCODED, com.facebook.imagepipeline.producers.Consumer.IS_PLACEHOLDER, com.facebook.imagepipeline.producers.Consumer.IS_PARTIAL_RESULT, com.facebook.imagepipeline.producers.Consumer.IS_RESIZING_DONE}" />
    </annotation>
  </item>
  <item name="com.facebook.imagepipeline.producers.BitmapProbeProducer.ProbeConsumer void onNewResultImpl(com.facebook.common.references.CloseableReference&lt;com.facebook.imagepipeline.image.CloseableImage&gt;, int) 1">
    <annotation name="androidx.annotation.IntDef">
      <val name="flag" val="true" />
      <val name="value" val="{com.facebook.imagepipeline.producers.Consumer.IS_LAST, com.facebook.imagepipeline.producers.Consumer.DO_NOT_CACHE_ENCODED, com.facebook.imagepipeline.producers.Consumer.IS_PLACEHOLDER, com.facebook.imagepipeline.producers.Consumer.IS_PARTIAL_RESULT, com.facebook.imagepipeline.producers.Consumer.IS_RESIZING_DONE}" />
    </annotation>
  </item>
  <item name="com.facebook.imagepipeline.producers.BranchOnSeparateImagesProducer.OnFirstImageConsumer void onNewResultImpl(com.facebook.imagepipeline.image.EncodedImage, int) 1">
    <annotation name="androidx.annotation.IntDef">
      <val name="flag" val="true" />
      <val name="value" val="{com.facebook.imagepipeline.producers.Consumer.IS_LAST, com.facebook.imagepipeline.producers.Consumer.DO_NOT_CACHE_ENCODED, com.facebook.imagepipeline.producers.Consumer.IS_PLACEHOLDER, com.facebook.imagepipeline.producers.Consumer.IS_PARTIAL_RESULT, com.facebook.imagepipeline.producers.Consumer.IS_RESIZING_DONE}" />
    </annotation>
  </item>
  <item name="com.facebook.imagepipeline.producers.Consumer void onNewResult(T, int) 1">
    <annotation name="androidx.annotation.IntDef">
      <val name="flag" val="true" />
      <val name="value" val="{com.facebook.imagepipeline.producers.Consumer.IS_LAST, com.facebook.imagepipeline.producers.Consumer.DO_NOT_CACHE_ENCODED, com.facebook.imagepipeline.producers.Consumer.IS_PLACEHOLDER, com.facebook.imagepipeline.producers.Consumer.IS_PARTIAL_RESULT, com.facebook.imagepipeline.producers.Consumer.IS_RESIZING_DONE}" />
    </annotation>
  </item>
  <item name="com.facebook.imagepipeline.producers.Consumer.Status">
    <annotation name="androidx.annotation.IntDef">
      <val name="flag" val="true" />
      <val name="value" val="{com.facebook.imagepipeline.producers.Consumer.IS_LAST, com.facebook.imagepipeline.producers.Consumer.DO_NOT_CACHE_ENCODED, com.facebook.imagepipeline.producers.Consumer.IS_PLACEHOLDER, com.facebook.imagepipeline.producers.Consumer.IS_PARTIAL_RESULT, com.facebook.imagepipeline.producers.Consumer.IS_RESIZING_DONE}" />
    </annotation>
  </item>
  <item name="com.facebook.imagepipeline.producers.DiskCacheWriteProducer.DiskCacheWriteConsumer void onNewResultImpl(com.facebook.imagepipeline.image.EncodedImage, int) 1">
    <annotation name="androidx.annotation.IntDef">
      <val name="flag" val="true" />
      <val name="value" val="{com.facebook.imagepipeline.producers.Consumer.IS_LAST, com.facebook.imagepipeline.producers.Consumer.DO_NOT_CACHE_ENCODED, com.facebook.imagepipeline.producers.Consumer.IS_PLACEHOLDER, com.facebook.imagepipeline.producers.Consumer.IS_PARTIAL_RESULT, com.facebook.imagepipeline.producers.Consumer.IS_RESIZING_DONE}" />
    </annotation>
  </item>
  <item name="com.facebook.imagepipeline.producers.EncodedMemoryCacheProducer.EncodedMemoryCacheConsumer void onNewResultImpl(com.facebook.imagepipeline.image.EncodedImage, int) 1">
    <annotation name="androidx.annotation.IntDef">
      <val name="flag" val="true" />
      <val name="value" val="{com.facebook.imagepipeline.producers.Consumer.IS_LAST, com.facebook.imagepipeline.producers.Consumer.DO_NOT_CACHE_ENCODED, com.facebook.imagepipeline.producers.Consumer.IS_PLACEHOLDER, com.facebook.imagepipeline.producers.Consumer.IS_PARTIAL_RESULT, com.facebook.imagepipeline.producers.Consumer.IS_RESIZING_DONE}" />
    </annotation>
  </item>
  <item name="com.facebook.imagepipeline.producers.EncodedProbeProducer.ProbeConsumer void onNewResultImpl(com.facebook.imagepipeline.image.EncodedImage, int) 1">
    <annotation name="androidx.annotation.IntDef">
      <val name="flag" val="true" />
      <val name="value" val="{com.facebook.imagepipeline.producers.Consumer.IS_LAST, com.facebook.imagepipeline.producers.Consumer.DO_NOT_CACHE_ENCODED, com.facebook.imagepipeline.producers.Consumer.IS_PLACEHOLDER, com.facebook.imagepipeline.producers.Consumer.IS_PARTIAL_RESULT, com.facebook.imagepipeline.producers.Consumer.IS_RESIZING_DONE}" />
    </annotation>
  </item>
  <item name="com.facebook.imagepipeline.producers.FetchState int getOnNewResultStatusFlags()">
    <annotation name="androidx.annotation.IntDef">
      <val name="flag" val="true" />
      <val name="value" val="{com.facebook.imagepipeline.producers.Consumer.IS_LAST, com.facebook.imagepipeline.producers.Consumer.DO_NOT_CACHE_ENCODED, com.facebook.imagepipeline.producers.Consumer.IS_PLACEHOLDER, com.facebook.imagepipeline.producers.Consumer.IS_PARTIAL_RESULT, com.facebook.imagepipeline.producers.Consumer.IS_RESIZING_DONE}" />
    </annotation>
  </item>
  <item name="com.facebook.imagepipeline.producers.FetchState void setOnNewResultStatusFlags(int) 0">
    <annotation name="androidx.annotation.IntDef">
      <val name="flag" val="true" />
      <val name="value" val="{com.facebook.imagepipeline.producers.Consumer.IS_LAST, com.facebook.imagepipeline.producers.Consumer.DO_NOT_CACHE_ENCODED, com.facebook.imagepipeline.producers.Consumer.IS_PLACEHOLDER, com.facebook.imagepipeline.producers.Consumer.IS_PARTIAL_RESULT, com.facebook.imagepipeline.producers.Consumer.IS_RESIZING_DONE}" />
    </annotation>
  </item>
  <item name="com.facebook.imagepipeline.producers.JobScheduler boolean shouldProcess(com.facebook.imagepipeline.image.EncodedImage, int) 1">
    <annotation name="androidx.annotation.IntDef">
      <val name="flag" val="true" />
      <val name="value" val="{com.facebook.imagepipeline.producers.Consumer.IS_LAST, com.facebook.imagepipeline.producers.Consumer.DO_NOT_CACHE_ENCODED, com.facebook.imagepipeline.producers.Consumer.IS_PLACEHOLDER, com.facebook.imagepipeline.producers.Consumer.IS_PARTIAL_RESULT, com.facebook.imagepipeline.producers.Consumer.IS_RESIZING_DONE}" />
    </annotation>
  </item>
  <item name="com.facebook.imagepipeline.producers.JobScheduler boolean updateJob(com.facebook.imagepipeline.image.EncodedImage, int) 1">
    <annotation name="androidx.annotation.IntDef">
      <val name="flag" val="true" />
      <val name="value" val="{com.facebook.imagepipeline.producers.Consumer.IS_LAST, com.facebook.imagepipeline.producers.Consumer.DO_NOT_CACHE_ENCODED, com.facebook.imagepipeline.producers.Consumer.IS_PLACEHOLDER, com.facebook.imagepipeline.producers.Consumer.IS_PARTIAL_RESULT, com.facebook.imagepipeline.producers.Consumer.IS_RESIZING_DONE}" />
    </annotation>
  </item>
  <item name="com.facebook.imagepipeline.producers.JobScheduler mStatus">
    <annotation name="androidx.annotation.IntDef">
      <val name="flag" val="true" />
      <val name="value" val="{com.facebook.imagepipeline.producers.Consumer.IS_LAST, com.facebook.imagepipeline.producers.Consumer.DO_NOT_CACHE_ENCODED, com.facebook.imagepipeline.producers.Consumer.IS_PLACEHOLDER, com.facebook.imagepipeline.producers.Consumer.IS_PARTIAL_RESULT, com.facebook.imagepipeline.producers.Consumer.IS_RESIZING_DONE}" />
    </annotation>
  </item>
  <item name="com.facebook.imagepipeline.producers.JobScheduler.JobRunnable void run(com.facebook.imagepipeline.image.EncodedImage, int) 1">
    <annotation name="androidx.annotation.IntDef">
      <val name="flag" val="true" />
      <val name="value" val="{com.facebook.imagepipeline.producers.Consumer.IS_LAST, com.facebook.imagepipeline.producers.Consumer.DO_NOT_CACHE_ENCODED, com.facebook.imagepipeline.producers.Consumer.IS_PLACEHOLDER, com.facebook.imagepipeline.producers.Consumer.IS_PARTIAL_RESULT, com.facebook.imagepipeline.producers.Consumer.IS_RESIZING_DONE}" />
    </annotation>
  </item>
  <item name="com.facebook.imagepipeline.producers.MultiplexProducer.Multiplexer mLastStatus">
    <annotation name="androidx.annotation.IntDef">
      <val name="flag" val="true" />
      <val name="value" val="{com.facebook.imagepipeline.producers.Consumer.IS_LAST, com.facebook.imagepipeline.producers.Consumer.DO_NOT_CACHE_ENCODED, com.facebook.imagepipeline.producers.Consumer.IS_PLACEHOLDER, com.facebook.imagepipeline.producers.Consumer.IS_PARTIAL_RESULT, com.facebook.imagepipeline.producers.Consumer.IS_RESIZING_DONE}" />
    </annotation>
  </item>
  <item name="com.facebook.imagepipeline.producers.MultiplexProducer.Multiplexer void onNextResult(com.facebook.imagepipeline.producers.MultiplexProducer.Multiplexer.ForwardingConsumer, T, int) 2">
    <annotation name="androidx.annotation.IntDef">
      <val name="flag" val="true" />
      <val name="value" val="{com.facebook.imagepipeline.producers.Consumer.IS_LAST, com.facebook.imagepipeline.producers.Consumer.DO_NOT_CACHE_ENCODED, com.facebook.imagepipeline.producers.Consumer.IS_PLACEHOLDER, com.facebook.imagepipeline.producers.Consumer.IS_PARTIAL_RESULT, com.facebook.imagepipeline.producers.Consumer.IS_RESIZING_DONE}" />
    </annotation>
  </item>
  <item name="com.facebook.imagepipeline.producers.MultiplexProducer.Multiplexer.ForwardingConsumer void onNewResultImpl(T, int) 1">
    <annotation name="androidx.annotation.IntDef">
      <val name="flag" val="true" />
      <val name="value" val="{com.facebook.imagepipeline.producers.Consumer.IS_LAST, com.facebook.imagepipeline.producers.Consumer.DO_NOT_CACHE_ENCODED, com.facebook.imagepipeline.producers.Consumer.IS_PLACEHOLDER, com.facebook.imagepipeline.producers.Consumer.IS_PARTIAL_RESULT, com.facebook.imagepipeline.producers.Consumer.IS_RESIZING_DONE}" />
    </annotation>
  </item>
  <item name="com.facebook.imagepipeline.producers.NetworkFetchProducer void notifyConsumer(com.facebook.common.memory.PooledByteBufferOutputStream, int, com.facebook.imagepipeline.common.BytesRange, com.facebook.imagepipeline.producers.Consumer&lt;com.facebook.imagepipeline.image.EncodedImage&gt;, com.facebook.imagepipeline.producers.ProducerContext) 1">
    <annotation name="androidx.annotation.IntDef">
      <val name="flag" val="true" />
      <val name="value" val="{com.facebook.imagepipeline.producers.Consumer.IS_LAST, com.facebook.imagepipeline.producers.Consumer.DO_NOT_CACHE_ENCODED, com.facebook.imagepipeline.producers.Consumer.IS_PLACEHOLDER, com.facebook.imagepipeline.producers.Consumer.IS_PARTIAL_RESULT, com.facebook.imagepipeline.producers.Consumer.IS_RESIZING_DONE}" />
    </annotation>
  </item>
  <item name="com.facebook.imagepipeline.producers.PartialDiskCacheProducer.PartialDiskCacheConsumer void onNewResultImpl(com.facebook.imagepipeline.image.EncodedImage, int) 1">
    <annotation name="androidx.annotation.IntDef">
      <val name="flag" val="true" />
      <val name="value" val="{com.facebook.imagepipeline.producers.Consumer.IS_LAST, com.facebook.imagepipeline.producers.Consumer.DO_NOT_CACHE_ENCODED, com.facebook.imagepipeline.producers.Consumer.IS_PLACEHOLDER, com.facebook.imagepipeline.producers.Consumer.IS_PARTIAL_RESULT, com.facebook.imagepipeline.producers.Consumer.IS_RESIZING_DONE}" />
    </annotation>
  </item>
  <item name="com.facebook.imagepipeline.producers.PostprocessedBitmapMemoryCacheProducer.CachedPostprocessorConsumer void onNewResultImpl(com.facebook.common.references.CloseableReference&lt;com.facebook.imagepipeline.image.CloseableImage&gt;, int) 1">
    <annotation name="androidx.annotation.IntDef">
      <val name="flag" val="true" />
      <val name="value" val="{com.facebook.imagepipeline.producers.Consumer.IS_LAST, com.facebook.imagepipeline.producers.Consumer.DO_NOT_CACHE_ENCODED, com.facebook.imagepipeline.producers.Consumer.IS_PLACEHOLDER, com.facebook.imagepipeline.producers.Consumer.IS_PARTIAL_RESULT, com.facebook.imagepipeline.producers.Consumer.IS_RESIZING_DONE}" />
    </annotation>
  </item>
  <item name="com.facebook.imagepipeline.producers.PostprocessorProducer.PostprocessorConsumer void onNewResultImpl(com.facebook.common.references.CloseableReference&lt;com.facebook.imagepipeline.image.CloseableImage&gt;, int) 1">
    <annotation name="androidx.annotation.IntDef">
      <val name="flag" val="true" />
      <val name="value" val="{com.facebook.imagepipeline.producers.Consumer.IS_LAST, com.facebook.imagepipeline.producers.Consumer.DO_NOT_CACHE_ENCODED, com.facebook.imagepipeline.producers.Consumer.IS_PLACEHOLDER, com.facebook.imagepipeline.producers.Consumer.IS_PARTIAL_RESULT, com.facebook.imagepipeline.producers.Consumer.IS_RESIZING_DONE}" />
    </annotation>
  </item>
  <item name="com.facebook.imagepipeline.producers.PostprocessorProducer.RepeatedPostprocessorConsumer void onNewResultImpl(com.facebook.common.references.CloseableReference&lt;com.facebook.imagepipeline.image.CloseableImage&gt;, int) 1">
    <annotation name="androidx.annotation.IntDef">
      <val name="flag" val="true" />
      <val name="value" val="{com.facebook.imagepipeline.producers.Consumer.IS_LAST, com.facebook.imagepipeline.producers.Consumer.DO_NOT_CACHE_ENCODED, com.facebook.imagepipeline.producers.Consumer.IS_PLACEHOLDER, com.facebook.imagepipeline.producers.Consumer.IS_PARTIAL_RESULT, com.facebook.imagepipeline.producers.Consumer.IS_RESIZING_DONE}" />
    </annotation>
  </item>
  <item name="com.facebook.imagepipeline.producers.PostprocessorProducer.SingleUsePostprocessorConsumer void onNewResultImpl(com.facebook.common.references.CloseableReference&lt;com.facebook.imagepipeline.image.CloseableImage&gt;, int) 1">
    <annotation name="androidx.annotation.IntDef">
      <val name="flag" val="true" />
      <val name="value" val="{com.facebook.imagepipeline.producers.Consumer.IS_LAST, com.facebook.imagepipeline.producers.Consumer.DO_NOT_CACHE_ENCODED, com.facebook.imagepipeline.producers.Consumer.IS_PLACEHOLDER, com.facebook.imagepipeline.producers.Consumer.IS_PARTIAL_RESULT, com.facebook.imagepipeline.producers.Consumer.IS_RESIZING_DONE}" />
    </annotation>
  </item>
  <item name="com.facebook.imagepipeline.producers.PriorityStarvingThrottlingProducer.ThrottlerConsumer void onNewResultImpl(T, int) 1">
    <annotation name="androidx.annotation.IntDef">
      <val name="flag" val="true" />
      <val name="value" val="{com.facebook.imagepipeline.producers.Consumer.IS_LAST, com.facebook.imagepipeline.producers.Consumer.DO_NOT_CACHE_ENCODED, com.facebook.imagepipeline.producers.Consumer.IS_PLACEHOLDER, com.facebook.imagepipeline.producers.Consumer.IS_PARTIAL_RESULT, com.facebook.imagepipeline.producers.Consumer.IS_RESIZING_DONE}" />
    </annotation>
  </item>
  <item name="com.facebook.imagepipeline.producers.ResizeAndRotateProducer.TransformingConsumer void doTransform(com.facebook.imagepipeline.image.EncodedImage, int, com.facebook.imagepipeline.transcoder.ImageTranscoder) 1">
    <annotation name="androidx.annotation.IntDef">
      <val name="flag" val="true" />
      <val name="value" val="{com.facebook.imagepipeline.producers.Consumer.IS_LAST, com.facebook.imagepipeline.producers.Consumer.DO_NOT_CACHE_ENCODED, com.facebook.imagepipeline.producers.Consumer.IS_PLACEHOLDER, com.facebook.imagepipeline.producers.Consumer.IS_PARTIAL_RESULT, com.facebook.imagepipeline.producers.Consumer.IS_RESIZING_DONE}" />
    </annotation>
  </item>
  <item name="com.facebook.imagepipeline.producers.ResizeAndRotateProducer.TransformingConsumer void forwardNewResult(com.facebook.imagepipeline.image.EncodedImage, int, com.facebook.imageformat.ImageFormat) 1">
    <annotation name="androidx.annotation.IntDef">
      <val name="flag" val="true" />
      <val name="value" val="{com.facebook.imagepipeline.producers.Consumer.IS_LAST, com.facebook.imagepipeline.producers.Consumer.DO_NOT_CACHE_ENCODED, com.facebook.imagepipeline.producers.Consumer.IS_PLACEHOLDER, com.facebook.imagepipeline.producers.Consumer.IS_PARTIAL_RESULT, com.facebook.imagepipeline.producers.Consumer.IS_RESIZING_DONE}" />
    </annotation>
  </item>
  <item name="com.facebook.imagepipeline.producers.ResizeAndRotateProducer.TransformingConsumer void onNewResultImpl(com.facebook.imagepipeline.image.EncodedImage, int) 1">
    <annotation name="androidx.annotation.IntDef">
      <val name="flag" val="true" />
      <val name="value" val="{com.facebook.imagepipeline.producers.Consumer.IS_LAST, com.facebook.imagepipeline.producers.Consumer.DO_NOT_CACHE_ENCODED, com.facebook.imagepipeline.producers.Consumer.IS_PLACEHOLDER, com.facebook.imagepipeline.producers.Consumer.IS_PARTIAL_RESULT, com.facebook.imagepipeline.producers.Consumer.IS_RESIZING_DONE}" />
    </annotation>
  </item>
  <item name="com.facebook.imagepipeline.producers.ThrottlingProducer.ThrottlerConsumer void onNewResultImpl(T, int) 1">
    <annotation name="androidx.annotation.IntDef">
      <val name="flag" val="true" />
      <val name="value" val="{com.facebook.imagepipeline.producers.Consumer.IS_LAST, com.facebook.imagepipeline.producers.Consumer.DO_NOT_CACHE_ENCODED, com.facebook.imagepipeline.producers.Consumer.IS_PLACEHOLDER, com.facebook.imagepipeline.producers.Consumer.IS_PARTIAL_RESULT, com.facebook.imagepipeline.producers.Consumer.IS_RESIZING_DONE}" />
    </annotation>
  </item>
  <item name="com.facebook.imagepipeline.producers.ThumbnailBranchProducer.ThumbnailConsumer void onNewResultImpl(com.facebook.imagepipeline.image.EncodedImage, int) 1">
    <annotation name="androidx.annotation.IntDef">
      <val name="flag" val="true" />
      <val name="value" val="{com.facebook.imagepipeline.producers.Consumer.IS_LAST, com.facebook.imagepipeline.producers.Consumer.DO_NOT_CACHE_ENCODED, com.facebook.imagepipeline.producers.Consumer.IS_PLACEHOLDER, com.facebook.imagepipeline.producers.Consumer.IS_PARTIAL_RESULT, com.facebook.imagepipeline.producers.Consumer.IS_RESIZING_DONE}" />
    </annotation>
  </item>
</root>

