<?xml version="1.0" encoding="UTF-8"?>
<root>
  <item name="com.facebook.cache.disk.DefaultDiskStorage java.lang.String getFileTypefromExtension(java.lang.String)">
    <annotation name="androidx.annotation.StringDef">
      <val name="value" val="{com.facebook.cache.disk.DefaultDiskStorage.FileType.CONTENT, com.facebook.cache.disk.DefaultDiskStorage.FileType.TEMP}" />
    </annotation>
  </item>
  <item name="com.facebook.cache.disk.DefaultDiskStorage.FileInfo FileInfo(java.lang.String, java.lang.String) 0">
    <annotation name="androidx.annotation.StringDef">
      <val name="value" val="{com.facebook.cache.disk.DefaultDiskStorage.FileType.CONTENT, com.facebook.cache.disk.DefaultDiskStorage.FileType.TEMP}" />
    </annotation>
  </item>
  <item name="com.facebook.cache.disk.DefaultDiskStorage.FileInfo type">
    <annotation name="androidx.annotation.StringDef">
      <val name="value" val="{com.facebook.cache.disk.DefaultDiskStorage.FileType.CONTENT, com.facebook.cache.disk.DefaultDiskStorage.FileType.TEMP}" />
    </annotation>
  </item>
  <item name="com.facebook.cache.disk.DefaultDiskStorage.FileType">
    <annotation name="androidx.annotation.StringDef">
      <val name="value" val="{com.facebook.cache.disk.DefaultDiskStorage.FileType.CONTENT, com.facebook.cache.disk.DefaultDiskStorage.FileType.TEMP}" />
    </annotation>
  </item>
</root>

