<?xml version="1.0" encoding="UTF-8"?>
<root>
  <item name="com.facebook.imagepipeline.core.ImageTranscoderType">
    <annotation name="androidx.annotation.IntDef">
      <val name="value" val="{com.facebook.imagepipeline.core.ImageTranscoderType.NATIVE_TRANSCODER, com.facebook.imagepipeline.core.ImageTranscoderType.JAVA_TRANSCODER}" />
    </annotation>
  </item>
  <item name="com.facebook.imagepipeline.core.MemoryChunkType">
    <annotation name="androidx.annotation.IntDef">
      <val name="value" val="{com.facebook.imagepipeline.core.MemoryChunkType.NATIVE_MEMORY, com.facebook.imagepipeline.core.MemoryChunkType.BUFFER_MEMORY, com.facebook.imagepipeline.core.MemoryChunkType.ASHMEM_MEMORY}" />
    </annotation>
  </item>
</root>

