<?xml version="1.0" encoding="UTF-8"?>
<root>
  <item name="com.facebook.react.fabric.FabricUIManager void receiveEvent(int, int, java.lang.String, boolean, com.facebook.react.bridge.WritableMap, int) 5">
    <annotation name="androidx.annotation.IntDef">
      <val name="value" val="{com.facebook.react.uimanager.events.EventCategoryDef.CONTINUOUS_START, com.facebook.react.uimanager.events.EventCategoryDef.CONTINUOUS_END, com.facebook.react.uimanager.events.EventCategoryDef.UNSPECIFIED, com.facebook.react.uimanager.events.EventCategoryDef.DISCRETE, com.facebook.react.uimanager.events.EventCategoryDef.CONTINUOUS}" />
    </annotation>
  </item>
  <item name="com.facebook.react.fabric.FabricUIManager void receiveEvent(int, int, java.lang.String, boolean, com.facebook.react.bridge.WritableMap, int, boolean) 5">
    <annotation name="androidx.annotation.IntDef">
      <val name="value" val="{com.facebook.react.uimanager.events.EventCategoryDef.CONTINUOUS_START, com.facebook.react.uimanager.events.EventCategoryDef.CONTINUOUS_END, com.facebook.react.uimanager.events.EventCategoryDef.UNSPECIFIED, com.facebook.react.uimanager.events.EventCategoryDef.DISCRETE, com.facebook.react.uimanager.events.EventCategoryDef.CONTINUOUS}" />
    </annotation>
  </item>
  <item name="com.facebook.react.fabric.SurfaceHandlerBinding void setDisplayModeNative(int) 0">
    <annotation name="androidx.annotation.IntDef">
      <val name="value" val="{com.facebook.react.fabric.SurfaceHandlerBinding.DISPLAY_MODE_VISIBLE, com.facebook.react.fabric.SurfaceHandlerBinding.DISPLAY_MODE_SUSPENDED, com.facebook.react.fabric.SurfaceHandlerBinding.DISPLAY_MODE_HIDDEN}" />
    </annotation>
  </item>
  <item name="com.facebook.react.fabric.SurfaceHandlerBinding.DisplayModeTypeDef">
    <annotation name="androidx.annotation.IntDef">
      <val name="value" val="{com.facebook.react.fabric.SurfaceHandlerBinding.DISPLAY_MODE_VISIBLE, com.facebook.react.fabric.SurfaceHandlerBinding.DISPLAY_MODE_SUSPENDED, com.facebook.react.fabric.SurfaceHandlerBinding.DISPLAY_MODE_HIDDEN}" />
    </annotation>
  </item>
</root>

