<?xml version="1.0" encoding="UTF-8"?>
<root>
  <item name="com.facebook.react.uimanager.events.Event int getEventCategory()">
    <annotation name="androidx.annotation.IntDef">
      <val name="value" val="{com.facebook.react.uimanager.events.EventCategoryDef.CONTINUOUS_START, com.facebook.react.uimanager.events.EventCategoryDef.CONTINUOUS_END, com.facebook.react.uimanager.events.EventCategoryDef.UNSPECIFIED, com.facebook.react.uimanager.events.EventCategoryDef.DISCRETE, com.facebook.react.uimanager.events.EventCategoryDef.CONTINUOUS}" />
    </annotation>
  </item>
  <item name="com.facebook.react.uimanager.events.EventCategoryDef">
    <annotation name="androidx.annotation.IntDef">
      <val name="value" val="{com.facebook.react.uimanager.events.EventCategoryDef.CONTINUOUS_START, com.facebook.react.uimanager.events.EventCategoryDef.CONTINUOUS_END, com.facebook.react.uimanager.events.EventCategoryDef.UNSPECIFIED, com.facebook.react.uimanager.events.EventCategoryDef.DISCRETE, com.facebook.react.uimanager.events.EventCategoryDef.CONTINUOUS}" />
    </annotation>
  </item>
  <item name="com.facebook.react.uimanager.events.RCTModernEventEmitter void receiveEvent(int, int, java.lang.String, boolean, int, com.facebook.react.bridge.WritableMap, int) 6">
    <annotation name="androidx.annotation.IntDef">
      <val name="value" val="{com.facebook.react.uimanager.events.EventCategoryDef.CONTINUOUS_START, com.facebook.react.uimanager.events.EventCategoryDef.CONTINUOUS_END, com.facebook.react.uimanager.events.EventCategoryDef.UNSPECIFIED, com.facebook.react.uimanager.events.EventCategoryDef.DISCRETE, com.facebook.react.uimanager.events.EventCategoryDef.CONTINUOUS}" />
    </annotation>
  </item>
  <item name="com.facebook.react.uimanager.events.ReactEventEmitter void receiveEvent(int, int, java.lang.String, boolean, int, com.facebook.react.bridge.WritableMap, int) 6">
    <annotation name="androidx.annotation.IntDef">
      <val name="value" val="{com.facebook.react.uimanager.events.EventCategoryDef.CONTINUOUS_START, com.facebook.react.uimanager.events.EventCategoryDef.CONTINUOUS_END, com.facebook.react.uimanager.events.EventCategoryDef.UNSPECIFIED, com.facebook.react.uimanager.events.EventCategoryDef.DISCRETE, com.facebook.react.uimanager.events.EventCategoryDef.CONTINUOUS}" />
    </annotation>
  </item>
</root>

