<?xml version="1.0" encoding="UTF-8"?>
<root>
  <item name="com.facebook.react.uimanager.ReactRoot void onStage(int) 0">
    <annotation name="androidx.annotation.IntDef">
      <val name="value" val="{com.facebook.react.uimanager.ReactStage.SURFACE_DID_INITIALIZE, com.facebook.react.uimanager.ReactStage.BRIDGE_DID_LOAD, com.facebook.react.uimanager.ReactStage.MODULE_DID_LOAD, com.facebook.react.uimanager.ReactStage.SURFACE_DID_RUN, com.facebook.react.uimanager.ReactStage.SURFACE_DID_INITIAL_RENDERING, com.facebook.react.uimanager.ReactStage.SURFACE_DID_INITIAL_LAYOUT, com.facebook.react.uimanager.ReactStage.SURFACE_DID_INITIAL_MOUNTING, com.facebook.react.uimanager.ReactStage.SURFACE_DID_STOP}" />
    </annotation>
  </item>
  <item name="com.facebook.react.uimanager.ReactStage">
    <annotation name="androidx.annotation.IntDef">
      <val name="value" val="{com.facebook.react.uimanager.ReactStage.SURFACE_DID_INITIALIZE, com.facebook.react.uimanager.ReactStage.BRIDGE_DID_LOAD, com.facebook.react.uimanager.ReactStage.MODULE_DID_LOAD, com.facebook.react.uimanager.ReactStage.SURFACE_DID_RUN, com.facebook.react.uimanager.ReactStage.SURFACE_DID_INITIAL_RENDERING, com.facebook.react.uimanager.ReactStage.SURFACE_DID_INITIAL_LAYOUT, com.facebook.react.uimanager.ReactStage.SURFACE_DID_INITIAL_MOUNTING, com.facebook.react.uimanager.ReactStage.SURFACE_DID_STOP}" />
    </annotation>
  </item>
</root>

