<?xml version="1.0" encoding="UTF-8"?>
<root>
  <item name="com.facebook.react.fabric.mounting.MountingManager void enqueuePendingEvent(int, int, java.lang.String, boolean, com.facebook.react.bridge.WritableMap, int) 5">
    <annotation name="androidx.annotation.IntDef">
      <val name="value" val="{com.facebook.react.uimanager.events.EventCategoryDef.CONTINUOUS_START, com.facebook.react.uimanager.events.EventCategoryDef.CONTINUOUS_END, com.facebook.react.uimanager.events.EventCategoryDef.UNSPECIFIED, com.facebook.react.uimanager.events.EventCategoryDef.DISCRETE, com.facebook.react.uimanager.events.EventCategoryDef.CONTINUOUS}" />
    </annotation>
  </item>
  <item name="com.facebook.react.fabric.mounting.SurfaceMountingManager void enqueuePendingEvent(int, java.lang.String, boolean, com.facebook.react.bridge.WritableMap, int) 4">
    <annotation name="androidx.annotation.IntDef">
      <val name="value" val="{com.facebook.react.uimanager.events.EventCategoryDef.CONTINUOUS_START, com.facebook.react.uimanager.events.EventCategoryDef.CONTINUOUS_END, com.facebook.react.uimanager.events.EventCategoryDef.UNSPECIFIED, com.facebook.react.uimanager.events.EventCategoryDef.DISCRETE, com.facebook.react.uimanager.events.EventCategoryDef.CONTINUOUS}" />
    </annotation>
  </item>
  <item name="com.facebook.react.fabric.mounting.SurfaceMountingManager.PendingViewEvent PendingViewEvent(java.lang.String, com.facebook.react.bridge.WritableMap, int, boolean) 2">
    <annotation name="androidx.annotation.IntDef">
      <val name="value" val="{com.facebook.react.uimanager.events.EventCategoryDef.CONTINUOUS_START, com.facebook.react.uimanager.events.EventCategoryDef.CONTINUOUS_END, com.facebook.react.uimanager.events.EventCategoryDef.UNSPECIFIED, com.facebook.react.uimanager.events.EventCategoryDef.DISCRETE, com.facebook.react.uimanager.events.EventCategoryDef.CONTINUOUS}" />
    </annotation>
  </item>
  <item name="com.facebook.react.fabric.mounting.SurfaceMountingManager.PendingViewEvent mEventCategory">
    <annotation name="androidx.annotation.IntDef">
      <val name="value" val="{com.facebook.react.uimanager.events.EventCategoryDef.CONTINUOUS_START, com.facebook.react.uimanager.events.EventCategoryDef.CONTINUOUS_END, com.facebook.react.uimanager.events.EventCategoryDef.UNSPECIFIED, com.facebook.react.uimanager.events.EventCategoryDef.DISCRETE, com.facebook.react.uimanager.events.EventCategoryDef.CONTINUOUS}" />
    </annotation>
  </item>
</root>

